mode,slide,title,scrollHeight,clientHeight,banner,scale,body,code
"default",1,"내 기록이 친구 화면에도 나타난다면? · 저장과 불러오기 체험",775,775,false,1,28,24
"default",2,"내 기록이 친구 화면에도 나타난다면? · 오늘의 랭킹 규칙",775,775,false,1,28,24
"default",3,"내 기록이 친구 화면에도 나타난다면? · 오늘의 120분",775,775,false,1,28,24
"default",4,"화면·연결 코드·저장소를 나누기 · 기록이 오가는 길",775,775,false,1,28,24
"default",5,"화면·연결 코드·저장소를 나누기 · 팀 파일 하나 만들기",775,775,false,1,28,24
"default",6,"화면·연결 코드·저장소를 나누기 · 어떤 내용을 한 행에 저장할까?",775,775,false,1,28,24
"default",7,"화면·연결 코드·저장소를 나누기 · 함께 비교할 때는 같은 주소",775,775,false,1,28,24
"default",8,"게임보다 먼저, 저장 연결부터 · Code.gs에 준비된 서버 넣기",775,775,false,1,28,24
"default",9,"게임보다 먼저, 저장 연결부터 · PROMPT 01 · 서버 역할 이해하기",775,775,false,1,28,24
"default",10,"게임보다 먼저, 저장 연결부터 · 화면과 서버 사이의 약속",775,775,false,1,28,24
"default",11,"게임보다 먼저, 저장 연결부터 · PROMPT 02 · 연결 확인 화면 만들기",775,775,false,1,28,24
"default",12,"게임보다 먼저, 저장 연결부터 · Index.html에 화면 넣기",775,775,false,1,28,24
"default",13,"웹앱 주소에서 첫 기록 저장하기 · 웹앱으로 배포하기",775,775,false,1,28,24
"default",14,"웹앱 주소에서 첫 기록 저장하기 · 저장 완료라는 말보다 시트의 한 행",775,775,false,1,28,24
"default",15,"웹앱 주소에서 첫 기록 저장하기 · 첫 연결 확인",775,775,false,1,28,24
"default",16,"한 줄이 저장됐다면, 첫 연결 성공 · 연결 성공 상태 보관",775,775,false,1,28,24
"default",17,"연습 숫자를 실제 게임 기록으로 · PROMPT 03 · 내 게임을 Apps Script로 옮기기",775,775,false,1,28,24
"default",18,"연습 숫자를 실제 게임 기록으로 · PROMPT 04 · 저장 중과 재시도 처리",775,775,false,1,28,24
"default",19,"연습 숫자를 실제 게임 기록으로 · PROMPT 05 · 친구들의 랭킹 표시",775,775,false,1,28,24
"default",20,"연습 숫자를 실제 게임 기록으로 · 수정한 화면을 배포 버전에 반영하기",775,775,false,1,28,24
"default",21,"친구의 기록이 내 화면에 보이나요? · 친구와 확인할 네 가지",775,775,false,1,28,24
"default",22,"친구의 기록이 내 화면에 보이나요? · 어디서 끊겼는지 먼저 찾기",775,775,false,1,28,24
"default",23,"친구의 기록이 내 화면에 보이나요? · PROMPT 06 · 연결 오류 좁히기",775,775,false,1,28,24
"default",24,"친구의 기록이 내 화면에 보이나요? · 공유 랭킹 완료 확인",775,775,false,1,28,24
"default",25,"화면을 넘어 저장소까지 연결했어요 · PROMPT 08 · 두 파일과 연결 정보 보관",775,775,false,1,28,24
"default",26,"화면을 넘어 저장소까지 연결했어요 · Docs에 보관할 세 가지",775,775,false,1,28,24
"default",27,"화면을 넘어 저장소까지 연결했어요 · 나의 세 번째 제작 기록",775,775,false,1,28,24
"default",28,"화면을 넘어 저장소까지 연결했어요 · 다음에는 게임 대신 신청서를",775,775,false,1,28,24
"all",1,"내 기록이 친구 화면에도 나타난다면? · 저장과 불러오기 체험",775,775,false,0.9872286761248553,27.642402931495948,23.69348822699653
"all",2,"내 기록이 친구 화면에도 나타난다면? · 오늘의 랭킹 규칙",775,775,false,1,28,24
"all",3,"내 기록이 친구 화면에도 나타난다면? · 오늘의 120분",775,775,false,1,28,24
"all",4,"화면·연결 코드·저장소를 나누기 · 기록이 오가는 길",775,775,false,1,28,24
"all",5,"화면·연결 코드·저장소를 나누기 · 팀 파일 하나 만들기",775,775,false,1,28,24
"all",6,"화면·연결 코드·저장소를 나누기 · 어떤 내용을 한 행에 저장할까?",775,775,false,1,28,24
"all",7,"화면·연결 코드·저장소를 나누기 · 함께 비교할 때는 같은 주소",775,775,false,1,28,24
"all",8,"게임보다 먼저, 저장 연결부터 · Code.gs에 준비된 서버 넣기",775,775,false,1,28,24
"all",9,"게임보다 먼저, 저장 연결부터 · PROMPT 01 · 서버 역할 이해하기",775,775,false,1,28,24
"all",10,"게임보다 먼저, 저장 연결부터 · 화면과 서버 사이의 약속",775,775,false,1,28,24
"all",11,"게임보다 먼저, 저장 연결부터 · PROMPT 02 · 연결 확인 화면 만들기",775,775,false,1,28,24
"all",12,"게임보다 먼저, 저장 연결부터 · Index.html에 화면 넣기",775,775,false,1,28,24
"all",13,"게임보다 먼저, 저장 연결부터 · 연결 화면이 만들어지지 않을 때",775,775,false,1,28,24
"all",14,"웹앱 주소에서 첫 기록 저장하기 · 웹앱으로 배포하기",775,775,false,1,28,24
"all",15,"웹앱 주소에서 첫 기록 저장하기 · 저장 완료라는 말보다 시트의 한 행",775,775,false,1,28,24
"all",16,"웹앱 주소에서 첫 기록 저장하기 · 첫 연결 확인",775,775,false,1,28,24
"all",17,"웹앱 주소에서 첫 기록 저장하기 · /dev와 /exec는 달라요",775,775,false,1,28,24
"all",18,"한 줄이 저장됐다면, 첫 연결 성공 · 연결 성공 상태 보관",775,775,false,1,28,24
"all",19,"연습 숫자를 실제 게임 기록으로 · PROMPT 03 · 내 게임을 Apps Script로 옮기기",775,775,false,1,28,24
"all",20,"연습 숫자를 실제 게임 기록으로 · PROMPT 04 · 저장 중과 재시도 처리",775,775,false,1,28,24
"all",21,"연습 숫자를 실제 게임 기록으로 · PROMPT 05 · 친구들의 랭킹 표시",775,775,false,1,28,24
"all",22,"연습 숫자를 실제 게임 기록으로 · 수정한 화면을 배포 버전에 반영하기",775,775,false,1,28,24
"all",23,"친구의 기록이 내 화면에 보이나요? · 친구와 확인할 네 가지",775,775,false,1,28,24
"all",24,"친구의 기록이 내 화면에 보이나요? · 어디서 끊겼는지 먼저 찾기",775,775,false,1,28,24
"all",25,"친구의 기록이 내 화면에 보이나요? · PROMPT 06 · 연결 오류 좁히기",775,775,false,1,28,24
"all",26,"친구의 기록이 내 화면에 보이나요? · 공유 랭킹 완료 확인",775,775,false,1,28,24
"all",27,"화면을 넘어 저장소까지 연결했어요 · PROMPT 07 · 빠르면 연결 원리 알아보기",775,775,false,1,28,24
"all",28,"화면을 넘어 저장소까지 연결했어요 · PROMPT 08 · 두 파일과 연결 정보 보관",775,775,false,1,28,24
"all",29,"화면을 넘어 저장소까지 연결했어요 · Docs에 보관할 세 가지",775,775,false,1,28,24
"all",30,"화면을 넘어 저장소까지 연결했어요 · 나의 세 번째 제작 기록",775,775,false,1,28,24
"all",31,"화면을 넘어 저장소까지 연결했어요 · 다음에는 게임 대신 신청서를",775,775,false,1,28,24
