mode,page,slide,section,title,scrollHeight,clientHeight,banner,scale,renderedBodyPx,renderedCodePx
"default","lesson-04","1","내 이어폰, 누가 봤어?","내 이어폰, 누가 봤어? · 이번 프로젝트의 출발점","775","775","false","1","28","24"
"default","lesson-04","2","내 이어폰, 누가 봤어?","내 이어폰, 누가 봤어? · 먼저 체험 · 등록하고 찾아 돌려주기","775","775","false","0.8804100884331597","24.65148247612847","21.129842122395832"
"default","lesson-04","3","내 이어폰, 누가 봤어?","내 이어폰, 누가 봤어? · 이번에는 파일도 함께 움직여요","775","775","false","1","28","24"
"default","lesson-04","4","사진만으로 설명되지 않는 것들","사진만으로 설명되지 않는 것들 · 물건 한 건에 필요한 정보","775","775","false","1","28","24"
"default","lesson-04","5","사진만으로 설명되지 않는 것들","사진만으로 설명되지 않는 것들 · 공개할 정보와 관리할 정보","775","775","false","1","28","24"
"default","lesson-04","6","우선 눈에 보이는 분실물 센터","우선 눈에 보이는 분실물 센터 · PROMPT 01 · 분실물 센터 화면","775","775","false","1","28","24"
"default","lesson-04","7","우선 눈에 보이는 분실물 센터","우선 눈에 보이는 분실물 센터 · 화면과 미리보기를 먼저 확인해요","775","775","false","1","28","24"
"default","lesson-04","8","우선 눈에 보이는 분실물 센터","우선 눈에 보이는 분실물 센터 · 확인 ① 보이는 것과 저장된 것","775","775","false","1","28","24"
"default","lesson-04","9","글자는 시트에, 사진은 Drive에","글자는 시트에, 사진은 Drive에 · 이번 프로젝트만의 저장 공간","775","775","false","1","28","24"
"default","lesson-04","10","글자는 시트에, 사진은 Drive에","글자는 시트에, 사진은 Drive에 · 주소는 코드 대신 설정 화면에","775","775","false","1","28","24"
"default","lesson-04","11","먼저 물건 정보 한 건을 저장해요","먼저 물건 정보 한 건을 저장해요 · PROMPT 02 · 글자를 저장할 Code.gs","775","775","false","1","28","24"
"default","lesson-04","12","먼저 물건 정보 한 건을 저장해요","먼저 물건 정보 한 건을 저장해요 · PROMPT 02 · 글자를 저장할 Code.gs · 이어서","775","775","false","1","28","24"
"default","lesson-04","13","먼저 물건 정보 한 건을 저장해요","먼저 물건 정보 한 건을 저장해요 · PROMPT 03 · 내 화면을 실제 저장과 연결","775","775","false","1","28","24"
"default","lesson-04","14","먼저 물건 정보 한 건을 저장해요","먼저 물건 정보 한 건을 저장해요 · PROMPT 03 · 내 화면을 실제 저장과 연결 · 이어서","775","775","false","1","28","24"
"default","lesson-04","15","먼저 물건 정보 한 건을 저장해요","먼저 물건 정보 한 건을 저장해요 · 파일 두 개를 넣고 나만 볼 수 있게 배포","775","775","false","1","28","24"
"default","lesson-04","16","먼저 물건 정보 한 건을 저장해요","먼저 물건 정보 한 건을 저장해요 · 수정할 때마다 같은 배포를 갱신해요","775","775","false","1","28","24"
"default","lesson-04","17","이제 사진도 진짜 저장하기","이제 사진도 진짜 저장하기 · PROMPT 04 · 사진 한 장을 물건과 연결","775","775","false","1","28","24"
"default","lesson-04","18","이제 사진도 진짜 저장하기","이제 사진도 진짜 저장하기 · PROMPT 04 · 사진 한 장을 물건과 연결 · 이어서","775","775","false","1","28","24"
"default","lesson-04","19","이제 사진도 진짜 저장하기","이제 사진도 진짜 저장하기 · 등록 전후 세 곳을 비교해요","775","775","false","1","28","24"
"default","lesson-04","20","이제 사진도 진짜 저장하기","이제 사진도 진짜 저장하기 · 기술 한 걸음 · 사진 주소가 곧 사진은 아니에요","775","775","false","1","28","24"
"default","lesson-04","21","이제 사진도 진짜 저장하기","이제 사진도 진짜 저장하기 · 확인 ② 사진 한 장과 물건 한 줄","775","775","false","1","28","24"
"default","lesson-04","22","찾고 싶은 물건만 남겨보기","찾고 싶은 물건만 남겨보기 · PROMPT 05 · 검색과 필터","775","775","false","1","28","24"
"default","lesson-04","23","찾고 싶은 물건만 남겨보기","찾고 싶은 물건만 남겨보기 · 검색은 원본을 지우는 일이 아니에요","775","775","false","1","28","24"
"default","lesson-04","24","찾고 싶은 물건만 남겨보기","찾고 싶은 물건만 남겨보기 · 확인 ③ 조건에 맞는 목록","775","775","false","1","28","24"
"default","lesson-04","25","주인에게 돌려줬다면 상태 바꾸기","주인에게 돌려줬다면 상태 바꾸기 · PROMPT 06 · 운영자만 반환 처리","775","775","false","1","28","24"
"default","lesson-04","26","주인에게 돌려줬다면 상태 바꾸기","주인에게 돌려줬다면 상태 바꾸기 · PROMPT 06 · 운영자만 반환 처리 · 이어서","775","775","false","1","28","24"
"default","lesson-04","27","주인에게 돌려줬다면 상태 바꾸기","주인에게 돌려줬다면 상태 바꾸기 · 반환 뒤 목록에서 확인하기","775","775","false","1","28","24"
"default","lesson-04","28","내 화면에서만 보이면 아직 확인이 부족해요","내 화면에서만 보이면 아직 확인이 부족해요 · 사진을 보여주는 문은 두 곳","775","775","false","1","28","24"
"default","lesson-04","29","내 화면에서만 보이면 아직 확인이 부족해요","내 화면에서만 보이면 아직 확인이 부족해요 · 허용된 친구 계정으로 확인하기","775","775","false","1","28","24"
"default","lesson-04","30","내 화면에서만 보이면 아직 확인이 부족해요","내 화면에서만 보이면 아직 확인이 부족해요 · 확인 ④ 반환과 공개 범위","775","775","false","1","28","24"
"default","lesson-04","31","잘될 때 말고, 헷갈릴 때도 시험하기","잘될 때 말고, 헷갈릴 때도 시험하기 · 반드시 해볼 네 가지 시험","775","775","false","1","28","24"
"default","lesson-04","32","잘될 때 말고, 헷갈릴 때도 시험하기","잘될 때 말고, 헷갈릴 때도 시험하기 · PROMPT 07 · 최종본과 시험 기록","775","775","false","1","28","24"
"default","lesson-04","33","잘될 때 말고, 헷갈릴 때도 시험하기","잘될 때 말고, 헷갈릴 때도 시험하기 · 세 버전과 확인 결과를 남겨요","775","775","false","1","28","24"
"default","lesson-04","34","잘될 때 말고, 헷갈릴 때도 시험하기","잘될 때 말고, 헷갈릴 때도 시험하기 · 나의 분실물 센터 기록","775","775","false","1","28","24"
"all","lesson-04","1","내 이어폰, 누가 봤어?","내 이어폰, 누가 봤어? · 이번 프로젝트의 출발점","775","775","false","1","28","24"
"all","lesson-04","2","내 이어폰, 누가 봤어?","내 이어폰, 누가 봤어? · 먼저 체험 · 등록하고 찾아 돌려주기","775","775","false","0.8804100884331597","24.65148247612847","21.129842122395832"
"all","lesson-04","3","내 이어폰, 누가 봤어?","내 이어폰, 누가 봤어? · 이번에는 파일도 함께 움직여요","775","775","false","1","28","24"
"all","lesson-04","4","사진만으로 설명되지 않는 것들","사진만으로 설명되지 않는 것들 · 물건 한 건에 필요한 정보","775","775","false","1","28","24"
"all","lesson-04","5","사진만으로 설명되지 않는 것들","사진만으로 설명되지 않는 것들 · 공개할 정보와 관리할 정보","775","775","false","1","28","24"
"all","lesson-04","6","우선 눈에 보이는 분실물 센터","우선 눈에 보이는 분실물 센터 · PROMPT 01 · 분실물 센터 화면","775","775","false","1","28","24"
"all","lesson-04","7","우선 눈에 보이는 분실물 센터","우선 눈에 보이는 분실물 센터 · 화면과 미리보기를 먼저 확인해요","775","775","false","1","28","24"
"all","lesson-04","8","우선 눈에 보이는 분실물 센터","우선 눈에 보이는 분실물 센터 · 확인 ① 보이는 것과 저장된 것","775","775","false","1","28","24"
"all","lesson-04","9","글자는 시트에, 사진은 Drive에","글자는 시트에, 사진은 Drive에 · 이번 프로젝트만의 저장 공간","775","775","false","1","28","24"
"all","lesson-04","10","글자는 시트에, 사진은 Drive에","글자는 시트에, 사진은 Drive에 · 주소는 코드 대신 설정 화면에","775","775","false","1","28","24"
"all","lesson-04","11","먼저 물건 정보 한 건을 저장해요","먼저 물건 정보 한 건을 저장해요 · PROMPT 02 · 글자를 저장할 Code.gs","775","775","false","1","28","24"
"all","lesson-04","12","먼저 물건 정보 한 건을 저장해요","먼저 물건 정보 한 건을 저장해요 · PROMPT 02 · 글자를 저장할 Code.gs · 이어서","775","775","false","1","28","24"
"all","lesson-04","13","먼저 물건 정보 한 건을 저장해요","먼저 물건 정보 한 건을 저장해요 · PROMPT 03 · 내 화면을 실제 저장과 연결","775","775","false","1","28","24"
"all","lesson-04","14","먼저 물건 정보 한 건을 저장해요","먼저 물건 정보 한 건을 저장해요 · PROMPT 03 · 내 화면을 실제 저장과 연결 · 이어서","775","775","false","1","28","24"
"all","lesson-04","15","먼저 물건 정보 한 건을 저장해요","먼저 물건 정보 한 건을 저장해요 · 파일 두 개를 넣고 나만 볼 수 있게 배포","775","775","false","1","28","24"
"all","lesson-04","16","먼저 물건 정보 한 건을 저장해요","먼저 물건 정보 한 건을 저장해요 · 수정할 때마다 같은 배포를 갱신해요","775","775","false","1","28","24"
"all","lesson-04","17","이제 사진도 진짜 저장하기","이제 사진도 진짜 저장하기 · PROMPT 04 · 사진 한 장을 물건과 연결","775","775","false","1","28","24"
"all","lesson-04","18","이제 사진도 진짜 저장하기","이제 사진도 진짜 저장하기 · PROMPT 04 · 사진 한 장을 물건과 연결 · 이어서","775","775","false","1","28","24"
"all","lesson-04","19","이제 사진도 진짜 저장하기","이제 사진도 진짜 저장하기 · 등록 전후 세 곳을 비교해요","775","775","false","1","28","24"
"all","lesson-04","20","이제 사진도 진짜 저장하기","이제 사진도 진짜 저장하기 · 기술 한 걸음 · 사진 주소가 곧 사진은 아니에요","775","775","false","1","28","24"
"all","lesson-04","21","이제 사진도 진짜 저장하기","이제 사진도 진짜 저장하기 · 확인 ② 사진 한 장과 물건 한 줄","775","775","false","1","28","24"
"all","lesson-04","22","찾고 싶은 물건만 남겨보기","찾고 싶은 물건만 남겨보기 · PROMPT 05 · 검색과 필터","775","775","false","1","28","24"
"all","lesson-04","23","찾고 싶은 물건만 남겨보기","찾고 싶은 물건만 남겨보기 · 검색은 원본을 지우는 일이 아니에요","775","775","false","1","28","24"
"all","lesson-04","24","찾고 싶은 물건만 남겨보기","찾고 싶은 물건만 남겨보기 · 확인 ③ 조건에 맞는 목록","775","775","false","1","28","24"
"all","lesson-04","25","주인에게 돌려줬다면 상태 바꾸기","주인에게 돌려줬다면 상태 바꾸기 · PROMPT 06 · 운영자만 반환 처리","775","775","false","1","28","24"
"all","lesson-04","26","주인에게 돌려줬다면 상태 바꾸기","주인에게 돌려줬다면 상태 바꾸기 · PROMPT 06 · 운영자만 반환 처리 · 이어서","775","775","false","1","28","24"
"all","lesson-04","27","주인에게 돌려줬다면 상태 바꾸기","주인에게 돌려줬다면 상태 바꾸기 · 반환 뒤 목록에서 확인하기","775","775","false","1","28","24"
"all","lesson-04","28","내 화면에서만 보이면 아직 확인이 부족해요","내 화면에서만 보이면 아직 확인이 부족해요 · 사진을 보여주는 문은 두 곳","775","775","false","1","28","24"
"all","lesson-04","29","내 화면에서만 보이면 아직 확인이 부족해요","내 화면에서만 보이면 아직 확인이 부족해요 · 허용된 친구 계정으로 확인하기","775","775","false","1","28","24"
"all","lesson-04","30","내 화면에서만 보이면 아직 확인이 부족해요","내 화면에서만 보이면 아직 확인이 부족해요 · 확인 ④ 반환과 공개 범위","775","775","false","1","28","24"
"all","lesson-04","31","잘될 때 말고, 헷갈릴 때도 시험하기","잘될 때 말고, 헷갈릴 때도 시험하기 · 반드시 해볼 네 가지 시험","775","775","false","1","28","24"
"all","lesson-04","32","잘될 때 말고, 헷갈릴 때도 시험하기","잘될 때 말고, 헷갈릴 때도 시험하기 · PROMPT 07 · 최종본과 시험 기록","775","775","false","1","28","24"
"all","lesson-04","33","잘될 때 말고, 헷갈릴 때도 시험하기","잘될 때 말고, 헷갈릴 때도 시험하기 · 세 버전과 확인 결과를 남겨요","775","775","false","1","28","24"
"all","lesson-04","34","잘될 때 말고, 헷갈릴 때도 시험하기","잘될 때 말고, 헷갈릴 때도 시험하기 · 나의 분실물 센터 기록","775","775","false","1","28","24"
"all","lesson-04","35","선택","선택 · 최신순과 오래된 순으로 보기 · 선택 A · 검색 결과의 순서 바꾸기","775","775","false","1","28","24"
"all","lesson-04","36","선택","선택 · 최신순과 오래된 순으로 보기 · 선택 기능도 결과로 확인해요","775","775","false","1","28","24"
"all","lesson-04","37","어느 단계에서 멈췄는지 알려줘요","어느 단계에서 멈췄는지 알려줘요 · 보이는 증상에서 출발하기","775","775","false","1","28","24"
"all","lesson-04","38","어느 단계에서 멈췄는지 알려줘요","어느 단계에서 멈췄는지 알려줘요 · 도움 · 멈춘 단계를 설명하기","775","775","false","1","28","24"
"default","lesson-01","1","게임을 하던 사람에서, 만드는 사람으로","게임을 하던 사람에서, 만드는 사람으로 · 바이브코딩은 어떻게 하는 걸까?","775","775","false","1","28","24"
"default","lesson-01","2","게임을 하던 사람에서, 만드는 사람으로","게임을 하던 사람에서, 만드는 사람으로 · 무한의 계단부터 한 판","775","775","false","1","28","24"
"default","lesson-01","3","게임을 하던 사람에서, 만드는 사람으로","게임을 하던 사람에서, 만드는 사람으로 · 내 게임을 친구도 쓴다면?","775","775","false","1","28","24"
"default","lesson-01","4","복사하고, 실행하고, 결과 보기","복사하고, 실행하고, 결과 보기 · 실습 준비","775","775","false","1","28","24"
"default","lesson-01","5","복사하고, 실행하고, 결과 보기","복사하고, 실행하고, 결과 보기 · 코드를 읽는 대신 전체를 복사해요","775","775","false","1","28","24"
"default","lesson-01","6","첫 부탁으로 움직이는 게임 만들기","첫 부탁으로 움직이는 게임 만들기 · PROMPT 01 · 첫 게임 만들기","775","775","false","1","28","24"
"default","lesson-01","7","첫 부탁으로 움직이는 게임 만들기","첫 부탁으로 움직이는 게임 만들기 · 생성이 끝나면 직접 한 판","775","775","false","1","28","24"
"default","lesson-01","8","첫 부탁으로 움직이는 게임 만들기","첫 부탁으로 움직이는 게임 만들기 · 확인 ① 한 판 되는 게임","775","775","false","1","28","24"
"default","lesson-01","9","같은 게임을 내 취향으로","같은 게임을 내 취향으로 · 같은 조작, 다른 분위기","775","775","false","1","28","24"
"default","lesson-01","10","같은 게임을 내 취향으로","같은 게임을 내 취향으로 · PROMPT 02 · 내 제목과 분위기 넣기","775","775","false","1","28","24"
"default","lesson-01","11","같은 게임을 내 취향으로","같은 게임을 내 취향으로 · 확인 ② 내 생각이 화면에 반영됐나요?","775","775","false","1","28","24"
"default","lesson-01","12","내 게임의 기록을 어디에 남길까?","내 게임의 기록을 어디에 남길까? · 저장한 기록과 화면의 랭킹","775","775","false","1","28","24"
"default","lesson-01","13","내 게임의 기록을 어디에 남길까?","내 게임의 기록을 어디에 남길까? · 내가 AI에게 만들도록 부탁할 두 파일","775","775","false","1","28","24"
"default","lesson-01","14","내 게임의 기록을 어디에 남길까?","내 게임의 기록을 어디에 남길까? · 우리 팀의 빈 기록장 준비","775","775","false","1","28","24"
"default","lesson-01","15","저장할 코드도 직접 요청하기","저장할 코드도 직접 요청하기 · PROMPT 03 · 시트에 저장할 Code.gs 만들기","775","775","false","1","28","24"
"default","lesson-01","16","저장할 코드도 직접 요청하기","저장할 코드도 직접 요청하기 · PROMPT 04 · 내 게임에 저장 버튼 연결하기","775","775","false","1","28","24"
"default","lesson-01","17","저장할 코드도 직접 요청하기","저장할 코드도 직접 요청하기 · AI가 만든 두 파일 붙여넣기","775","775","false","1","28","24"
"default","lesson-01","18","저장할 코드도 직접 요청하기","저장할 코드도 직접 요청하기 · 코드 대신 설정 화면에 시트 주소 넣기","775","775","false","1","28","24"
"default","lesson-01","19","내 게임에서 실제 점수 저장하기","내 게임에서 실제 점수 저장하기 · 친구와 열 수 있는 게임 주소 만들기","775","775","false","1","28","24"
"default","lesson-01","20","내 게임에서 실제 점수 저장하기","내 게임에서 실제 점수 저장하기 · 저장 완료라는 말과 실제 시트 비교하기","775","775","false","1","28","24"
"default","lesson-01","21","내 게임에서 실제 점수 저장하기","내 게임에서 실제 점수 저장하기 · 확인 ③ 게임 밖에 기록이 남아요","775","775","false","1","28","24"
"default","lesson-01","22","친구의 기록이 내 화면에도 보이게","친구의 기록이 내 화면에도 보이게 · PROMPT 05 · 우리 반 랭킹 보여주기","775","775","false","1","28","24"
"default","lesson-01","23","친구의 기록이 내 화면에도 보이게","친구의 기록이 내 화면에도 보이게 · 고친 파일을 게임 주소에 반영하기","775","775","false","1","28","24"
"default","lesson-01","24","친구의 기록이 내 화면에도 보이게","친구의 기록이 내 화면에도 보이게 · 친구가 직접 써보는 네 가지 장면","775","775","false","1","28","24"
"default","lesson-01","25","친구의 기록이 내 화면에도 보이게","친구의 기록이 내 화면에도 보이게 · 확인 ④ 친구와 함께 쓰는 서비스","775","775","false","1","28","24"
"default","lesson-01","26","내가 만든 것을 남기고, 다음 아이디어로","내가 만든 것을 남기고, 다음 아이디어로 · PROMPT 06 · 완성한 두 파일 보관하기","775","775","false","1","28","24"
"default","lesson-01","27","내가 만든 것을 남기고, 다음 아이디어로","내가 만든 것을 남기고, 다음 아이디어로 · 다시 이어갈 수 있도록 보관하기","775","775","false","1","28","24"
"default","lesson-01","28","내가 만든 것을 남기고, 다음 아이디어로","내가 만든 것을 남기고, 다음 아이디어로 · 나의 첫 프로젝트 기록","775","775","false","1","28","24"
"default","lesson-01","29","내가 만든 것을 남기고, 다음 아이디어로","내가 만든 것을 남기고, 다음 아이디어로 · 다음 아이디어도 이 순서로","775","775","false","1","28","24"
"all","lesson-01","1","게임을 하던 사람에서, 만드는 사람으로","게임을 하던 사람에서, 만드는 사람으로 · 바이브코딩은 어떻게 하는 걸까?","775","775","false","1","28","24"
"all","lesson-01","2","게임을 하던 사람에서, 만드는 사람으로","게임을 하던 사람에서, 만드는 사람으로 · 무한의 계단부터 한 판","775","775","false","1","28","24"
"all","lesson-01","3","게임을 하던 사람에서, 만드는 사람으로","게임을 하던 사람에서, 만드는 사람으로 · 내 게임을 친구도 쓴다면?","775","775","false","1","28","24"
"all","lesson-01","4","복사하고, 실행하고, 결과 보기","복사하고, 실행하고, 결과 보기 · 실습 준비","775","775","false","1","28","24"
"all","lesson-01","5","복사하고, 실행하고, 결과 보기","복사하고, 실행하고, 결과 보기 · 코드를 읽는 대신 전체를 복사해요","775","775","false","1","28","24"
"all","lesson-01","6","복사하고, 실행하고, 결과 보기","복사하고, 실행하고, 결과 보기 · 미리보기가 없으면 HTML 파일로 열기","775","775","false","1","28","24"
"all","lesson-01","7","첫 부탁으로 움직이는 게임 만들기","첫 부탁으로 움직이는 게임 만들기 · PROMPT 01 · 첫 게임 만들기","775","775","false","1","28","24"
"all","lesson-01","8","첫 부탁으로 움직이는 게임 만들기","첫 부탁으로 움직이는 게임 만들기 · 생성이 끝나면 직접 한 판","775","775","false","1","28","24"
"all","lesson-01","9","첫 부탁으로 움직이는 게임 만들기","첫 부탁으로 움직이는 게임 만들기 · 확인 ① 한 판 되는 게임","775","775","false","1","28","24"
"all","lesson-01","10","같은 게임을 내 취향으로","같은 게임을 내 취향으로 · 같은 조작, 다른 분위기","775","775","false","1","28","24"
"all","lesson-01","11","같은 게임을 내 취향으로","같은 게임을 내 취향으로 · PROMPT 02 · 내 제목과 분위기 넣기","775","775","false","1","28","24"
"all","lesson-01","12","같은 게임을 내 취향으로","같은 게임을 내 취향으로 · 확인 ② 내 생각이 화면에 반영됐나요?","775","775","false","1","28","24"
"all","lesson-01","13","내 게임의 기록을 어디에 남길까?","내 게임의 기록을 어디에 남길까? · 저장한 기록과 화면의 랭킹","775","775","false","1","28","24"
"all","lesson-01","14","내 게임의 기록을 어디에 남길까?","내 게임의 기록을 어디에 남길까? · 내가 AI에게 만들도록 부탁할 두 파일","775","775","false","1","28","24"
"all","lesson-01","15","내 게임의 기록을 어디에 남길까?","내 게임의 기록을 어디에 남길까? · 우리 팀의 빈 기록장 준비","775","775","false","1","28","24"
"all","lesson-01","16","저장할 코드도 직접 요청하기","저장할 코드도 직접 요청하기 · PROMPT 03 · 시트에 저장할 Code.gs 만들기","775","775","false","1","28","24"
"all","lesson-01","17","저장할 코드도 직접 요청하기","저장할 코드도 직접 요청하기 · PROMPT 04 · 내 게임에 저장 버튼 연결하기","775","775","false","1","28","24"
"all","lesson-01","18","저장할 코드도 직접 요청하기","저장할 코드도 직접 요청하기 · AI가 만든 두 파일 붙여넣기","775","775","false","1","28","24"
"all","lesson-01","19","저장할 코드도 직접 요청하기","저장할 코드도 직접 요청하기 · 코드 대신 설정 화면에 시트 주소 넣기","775","775","false","1","28","24"
"all","lesson-01","20","내 게임에서 실제 점수 저장하기","내 게임에서 실제 점수 저장하기 · 친구와 열 수 있는 게임 주소 만들기","775","775","false","1","28","24"
"all","lesson-01","21","내 게임에서 실제 점수 저장하기","내 게임에서 실제 점수 저장하기 · 저장 완료라는 말과 실제 시트 비교하기","775","775","false","1","28","24"
"all","lesson-01","22","내 게임에서 실제 점수 저장하기","내 게임에서 실제 점수 저장하기 · 확인 ③ 게임 밖에 기록이 남아요","775","775","false","1","28","24"
"all","lesson-01","23","친구의 기록이 내 화면에도 보이게","친구의 기록이 내 화면에도 보이게 · PROMPT 05 · 우리 반 랭킹 보여주기","775","775","false","1","28","24"
"all","lesson-01","24","친구의 기록이 내 화면에도 보이게","친구의 기록이 내 화면에도 보이게 · 고친 파일을 게임 주소에 반영하기","775","775","false","1","28","24"
"all","lesson-01","25","친구의 기록이 내 화면에도 보이게","친구의 기록이 내 화면에도 보이게 · 친구가 직접 써보는 네 가지 장면","775","775","false","1","28","24"
"all","lesson-01","26","친구의 기록이 내 화면에도 보이게","친구의 기록이 내 화면에도 보이게 · 확인 ④ 친구와 함께 쓰는 서비스","775","775","false","1","28","24"
"all","lesson-01","27","내가 만든 것을 남기고, 다음 아이디어로","내가 만든 것을 남기고, 다음 아이디어로 · PROMPT 06 · 완성한 두 파일 보관하기","775","775","false","1","28","24"
"all","lesson-01","28","내가 만든 것을 남기고, 다음 아이디어로","내가 만든 것을 남기고, 다음 아이디어로 · 다시 이어갈 수 있도록 보관하기","775","775","false","1","28","24"
"all","lesson-01","29","내가 만든 것을 남기고, 다음 아이디어로","내가 만든 것을 남기고, 다음 아이디어로 · 나의 첫 프로젝트 기록","775","775","false","1","28","24"
"all","lesson-01","30","내가 만든 것을 남기고, 다음 아이디어로","내가 만든 것을 남기고, 다음 아이디어로 · 다음 아이디어도 이 순서로","775","775","false","1","28","24"
"all","lesson-01","31","완성한 뒤 골라서 더해보기","완성한 뒤 골라서 더해보기 · 선택 A · 내 화면의 최근 5판","775","775","false","1","28","24"
"all","lesson-01","32","완성한 뒤 골라서 더해보기","완성한 뒤 골라서 더해보기 · 선택 B · 휴대폰에서 더 편하게","775","775","false","1","28","24"
"all","lesson-01","33","완성한 뒤 골라서 더해보기","완성한 뒤 골라서 더해보기 · 선택 C · 20칸 도착 체험","775","775","false","1","28","24"
"all","lesson-01","34","완성한 뒤 골라서 더해보기","완성한 뒤 골라서 더해보기 · 선택 C · 20칸 도착 놀이 추가","775","775","false","1","28","24"
"all","lesson-01","35","완성한 뒤 골라서 더해보기","완성한 뒤 골라서 더해보기 · 선택 미션 뒤에도 저장 규칙 확인하기","775","775","false","1","28","24"
"all","lesson-01","36","막힌 곳을 내 말로 설명하기","막힌 곳을 내 말로 설명하기 · “안 돼요” 대신 보여줄 것","775","775","false","1","28","24"
"all","lesson-01","37","막힌 곳을 내 말로 설명하기","막힌 곳을 내 말로 설명하기 · 도움 · 안 되는 모습을 설명하기","775","775","false","1","28","24"
"default","lesson-02","1","마지막 한 자리, 두 명이 누르면?","마지막 한 자리, 두 명이 누르면? · 이번에는 축제를 운영하는 사람","775","775","false","1","28","24"
"default","lesson-02","2","마지막 한 자리, 두 명이 누르면?","마지막 한 자리, 두 명이 누르면? · 먼저 체험 · 마지막 한 자리","775","775","false","1","28","24"
"default","lesson-02","3","마지막 한 자리, 두 명이 누르면?","마지막 한 자리, 두 명이 누르면? · 이번 프로젝트의 완성 순서","775","775","false","1","28","24"
"default","lesson-02","4","친구들이 가고 싶은 부스부터","친구들이 가고 싶은 부스부터 · 준비할 창과 제작 기록","775","775","false","1","28","24"
"default","lesson-02","5","친구들이 가고 싶은 부스부터","친구들이 가고 싶은 부스부터 · PROMPT 01 · 설문 안내 만들기","775","775","false","1","28","24"
"default","lesson-02","6","친구들이 가고 싶은 부스부터","친구들이 가고 싶은 부스부터 · 질문 하나를 실제로 만들기","775","775","false","1","28","24"
"default","lesson-02","7","친구들이 가고 싶은 부스부터","친구들이 가고 싶은 부스부터 · 친구의 응답이 한 줄로 남아요","775","775","false","1","28","24"
"default","lesson-02","8","친구들이 가고 싶은 부스부터","친구들이 가고 싶은 부스부터 · 확인 ① 실제 설문 응답","775","775","false","1","28","24"
"default","lesson-02","9","먼저 예약 화면을 만들어요","먼저 예약 화면을 만들어요 · PROMPT 02 · 축제 예약 화면","775","775","false","1","28","24"
"default","lesson-02","10","먼저 예약 화면을 만들어요","먼저 예약 화면을 만들어요 · 바꿀 곳과 확인할 것","775","775","false","1","28","24"
"default","lesson-02","11","내 화면에 저장 기능 연결하기","내 화면에 저장 기능 연결하기 · 1회의 연결 구조를 다시 사용해요","775","775","false","1","28","24"
"default","lesson-02","12","내 화면에 저장 기능 연결하기","내 화면에 저장 기능 연결하기 · PROMPT 03 · 실제 예약을 저장할 Code.gs","775","775","false","1","28","24"
"default","lesson-02","13","내 화면에 저장 기능 연결하기","내 화면에 저장 기능 연결하기 · PROMPT 03 · 정원과 중복 신청 규칙","775","775","false","1","28","24"
"default","lesson-02","14","내 화면에 저장 기능 연결하기","내 화면에 저장 기능 연결하기 · PROMPT 04 · 내 화면에서 실제로 예약하기","775","775","false","1","28","24"
"default","lesson-02","15","첫 예약을 시트에서 확인해요","첫 예약을 시트에서 확인해요 · 새 프로젝트에 두 파일 넣기","775","775","false","1","28","24"
"default","lesson-02","16","첫 예약을 시트에서 확인해요","첫 예약을 시트에서 확인해요 · 예약 앱 주소로 옮겨가기","775","775","false","1","28","24"
"default","lesson-02","17","첫 예약을 시트에서 확인해요","첫 예약을 시트에서 확인해요 · 확인 ② 화면 밖에 남는 예약","775","775","false","1","28","24"
"default","lesson-02","18","첫 예약을 시트에서 확인해요","첫 예약을 시트에서 확인해요 · 첫 번째 완성 지점","775","775","false","1","28","24"
"default","lesson-02","19","취소하면 자리가 다시 열려요","취소하면 자리가 다시 열려요 · PROMPT 05 · 예약 취소와 자리 복구","775","775","false","1","28","24"
"default","lesson-02","20","취소하면 자리가 다시 열려요","취소하면 자리가 다시 열려요 · 고친 파일을 새 버전으로 배포하기","775","775","false","1","28","24"
"default","lesson-02","21","취소하면 자리가 다시 열려요","취소하면 자리가 다시 열려요 · 사용한 기술 · CRUD","775","775","false","1","28","24"
"default","lesson-02","22","잘되는 장면과 막혀야 할 장면","잘되는 장면과 막혀야 할 장면 · 작은 정원으로 시험하기","775","775","false","1","28","24"
"default","lesson-02","23","잘되는 장면과 막혀야 할 장면","잘되는 장면과 막혀야 할 장면 · 화면 버튼만 막으면 충분할까요?","775","775","false","1","28","24"
"default","lesson-02","24","잘되는 장면과 막혀야 할 장면","잘되는 장면과 막혀야 할 장면 · 확인 ③ 규칙이 지켜지는 앱","775","775","false","1","28","24"
"default","lesson-02","25","관심과 예약을 한눈에 비교해요","관심과 예약을 한눈에 비교해요 · PROMPT 06 · 같은 데이터로 대시보드 만들기","775","775","false","1","28","24"
"default","lesson-02","26","관심과 예약을 한눈에 비교해요","관심과 예약을 한눈에 비교해요 · PROMPT 06 · 빈 결과와 갱신 처리","775","775","false","1","28","24"
"default","lesson-02","27","관심과 예약을 한눈에 비교해요","관심과 예약을 한눈에 비교해요 · 같은 숫자라도 분모가 달라요","775","775","false","1","28","24"
"default","lesson-02","28","관심과 예약을 한눈에 비교해요","관심과 예약을 한눈에 비교해요 · 시트와 그래프를 직접 대조하기","775","775","false","1","28","24"
"default","lesson-02","29","버튼 뒤에서 오가는 부탁과 결과","버튼 뒤에서 오가는 부탁과 결과 · 내 앱의 호출과 외부 API 구분","775","775","false","1","28","24"
"default","lesson-02","30","버튼 뒤에서 오가는 부탁과 결과","버튼 뒤에서 오가는 부탁과 결과 · 기다리는 동안에도 할 일이 있어요","775","775","false","1","28","24"
"default","lesson-02","31","친구가 쓰는 모습을 보고 완성하기","친구가 쓰는 모습을 보고 완성하기 · 확인 ④ 관심과 실제 예약 비교","775","775","false","1","28","24"
"default","lesson-02","32","친구가 쓰는 모습을 보고 완성하기","친구가 쓰는 모습을 보고 완성하기 · PROMPT 07 · 완성한 서비스 보관하기","775","775","false","1","28","24"
"default","lesson-02","33","친구가 쓰는 모습을 보고 완성하기","친구가 쓰는 모습을 보고 완성하기 · 다음에 복구할 수 있게 남기기","775","775","false","1","28","24"
"default","lesson-02","34","친구가 쓰는 모습을 보고 완성하기","친구가 쓰는 모습을 보고 완성하기 · 내가 설명할 수 있는 서비스","775","775","false","1","28","24"
"all","lesson-02","1","마지막 한 자리, 두 명이 누르면?","마지막 한 자리, 두 명이 누르면? · 이번에는 축제를 운영하는 사람","775","775","false","1","28","24"
"all","lesson-02","2","마지막 한 자리, 두 명이 누르면?","마지막 한 자리, 두 명이 누르면? · 먼저 체험 · 마지막 한 자리","775","775","false","1","28","24"
"all","lesson-02","3","마지막 한 자리, 두 명이 누르면?","마지막 한 자리, 두 명이 누르면? · 이번 프로젝트의 완성 순서","775","775","false","1","28","24"
"all","lesson-02","4","친구들이 가고 싶은 부스부터","친구들이 가고 싶은 부스부터 · 준비할 창과 제작 기록","775","775","false","1","28","24"
"all","lesson-02","5","친구들이 가고 싶은 부스부터","친구들이 가고 싶은 부스부터 · PROMPT 01 · 설문 안내 만들기","775","775","false","1","28","24"
"all","lesson-02","6","친구들이 가고 싶은 부스부터","친구들이 가고 싶은 부스부터 · 질문 하나를 실제로 만들기","775","775","false","1","28","24"
"all","lesson-02","7","친구들이 가고 싶은 부스부터","친구들이 가고 싶은 부스부터 · 친구의 응답이 한 줄로 남아요","775","775","false","1","28","24"
"all","lesson-02","8","친구들이 가고 싶은 부스부터","친구들이 가고 싶은 부스부터 · 확인 ① 실제 설문 응답","775","775","false","1","28","24"
"all","lesson-02","9","먼저 예약 화면을 만들어요","먼저 예약 화면을 만들어요 · PROMPT 02 · 축제 예약 화면","775","775","false","1","28","24"
"all","lesson-02","10","먼저 예약 화면을 만들어요","먼저 예약 화면을 만들어요 · 바꿀 곳과 확인할 것","775","775","false","1","28","24"
"all","lesson-02","11","내 화면에 저장 기능 연결하기","내 화면에 저장 기능 연결하기 · 1회의 연결 구조를 다시 사용해요","775","775","false","1","28","24"
"all","lesson-02","12","내 화면에 저장 기능 연결하기","내 화면에 저장 기능 연결하기 · PROMPT 03 · 실제 예약을 저장할 Code.gs","775","775","false","1","28","24"
"all","lesson-02","13","내 화면에 저장 기능 연결하기","내 화면에 저장 기능 연결하기 · PROMPT 03 · 정원과 중복 신청 규칙","775","775","false","1","28","24"
"all","lesson-02","14","내 화면에 저장 기능 연결하기","내 화면에 저장 기능 연결하기 · PROMPT 04 · 내 화면에서 실제로 예약하기","775","775","false","1","28","24"
"all","lesson-02","15","첫 예약을 시트에서 확인해요","첫 예약을 시트에서 확인해요 · 새 프로젝트에 두 파일 넣기","775","775","false","1","28","24"
"all","lesson-02","16","첫 예약을 시트에서 확인해요","첫 예약을 시트에서 확인해요 · 예약 앱 주소로 옮겨가기","775","775","false","1","28","24"
"all","lesson-02","17","첫 예약을 시트에서 확인해요","첫 예약을 시트에서 확인해요 · 확인 ② 화면 밖에 남는 예약","775","775","false","1","28","24"
"all","lesson-02","18","첫 예약을 시트에서 확인해요","첫 예약을 시트에서 확인해요 · 첫 번째 완성 지점","775","775","false","1","28","24"
"all","lesson-02","19","취소하면 자리가 다시 열려요","취소하면 자리가 다시 열려요 · PROMPT 05 · 예약 취소와 자리 복구","775","775","false","1","28","24"
"all","lesson-02","20","취소하면 자리가 다시 열려요","취소하면 자리가 다시 열려요 · 고친 파일을 새 버전으로 배포하기","775","775","false","1","28","24"
"all","lesson-02","21","취소하면 자리가 다시 열려요","취소하면 자리가 다시 열려요 · 사용한 기술 · CRUD","775","775","false","1","28","24"
"all","lesson-02","22","잘되는 장면과 막혀야 할 장면","잘되는 장면과 막혀야 할 장면 · 작은 정원으로 시험하기","775","775","false","1","28","24"
"all","lesson-02","23","잘되는 장면과 막혀야 할 장면","잘되는 장면과 막혀야 할 장면 · 화면 버튼만 막으면 충분할까요?","775","775","false","1","28","24"
"all","lesson-02","24","잘되는 장면과 막혀야 할 장면","잘되는 장면과 막혀야 할 장면 · 확인 ③ 규칙이 지켜지는 앱","775","775","false","1","28","24"
"all","lesson-02","25","관심과 예약을 한눈에 비교해요","관심과 예약을 한눈에 비교해요 · PROMPT 06 · 같은 데이터로 대시보드 만들기","775","775","false","1","28","24"
"all","lesson-02","26","관심과 예약을 한눈에 비교해요","관심과 예약을 한눈에 비교해요 · PROMPT 06 · 빈 결과와 갱신 처리","775","775","false","1","28","24"
"all","lesson-02","27","관심과 예약을 한눈에 비교해요","관심과 예약을 한눈에 비교해요 · 같은 숫자라도 분모가 달라요","775","775","false","1","28","24"
"all","lesson-02","28","관심과 예약을 한눈에 비교해요","관심과 예약을 한눈에 비교해요 · 시트와 그래프를 직접 대조하기","775","775","false","1","28","24"
"all","lesson-02","29","버튼 뒤에서 오가는 부탁과 결과","버튼 뒤에서 오가는 부탁과 결과 · 내 앱의 호출과 외부 API 구분","775","775","false","1","28","24"
"all","lesson-02","30","버튼 뒤에서 오가는 부탁과 결과","버튼 뒤에서 오가는 부탁과 결과 · 기다리는 동안에도 할 일이 있어요","775","775","false","1","28","24"
"all","lesson-02","31","친구가 쓰는 모습을 보고 완성하기","친구가 쓰는 모습을 보고 완성하기 · 확인 ④ 관심과 실제 예약 비교","775","775","false","1","28","24"
"all","lesson-02","32","친구가 쓰는 모습을 보고 완성하기","친구가 쓰는 모습을 보고 완성하기 · PROMPT 07 · 완성한 서비스 보관하기","775","775","false","1","28","24"
"all","lesson-02","33","친구가 쓰는 모습을 보고 완성하기","친구가 쓰는 모습을 보고 완성하기 · 다음에 복구할 수 있게 남기기","775","775","false","1","28","24"
"all","lesson-02","34","친구가 쓰는 모습을 보고 완성하기","친구가 쓰는 모습을 보고 완성하기 · 내가 설명할 수 있는 서비스","775","775","false","1","28","24"
"all","lesson-02","35","완성한 뒤 한 가지만 더하기","완성한 뒤 한 가지만 더하기 · 선택 A · 원하는 부스 빨리 찾기","775","775","false","1","28","24"
"all","lesson-02","36","완성한 뒤 한 가지만 더하기","완성한 뒤 한 가지만 더하기 · 확장 뒤에도 기본 기능 확인","775","775","false","1","28","24"
"all","lesson-02","37","막히면 내가 본 일을 말해요","막히면 내가 본 일을 말해요 · 먼저 확인할 세 가지","775","775","false","1","28","24"
"all","lesson-02","38","막히면 내가 본 일을 말해요","막히면 내가 본 일을 말해요 · 도움 · 실제 결과 설명하기","775","775","false","1","28","24"
"default","lesson-03","1","같은 내용을 세 번 쓰고 있나요?","같은 내용을 세 번 쓰고 있나요? · 이번 프로젝트의 출발점","775","775","false","1","28","24"
"default","lesson-03","2","같은 내용을 세 번 쓰고 있나요?","같은 내용을 세 번 쓰고 있나요? · 먼저 체험 · 신청부터 보고서까지","775","775","false","1","28","24"
"default","lesson-03","3","같은 내용을 세 번 쓰고 있나요?","같은 내용을 세 번 쓰고 있나요? · 이번에는 구글 도구가 앱의 화면이에요","775","775","false","1","28","24"
"default","lesson-03","4","신청 한 줄은 활동 한 건","신청 한 줄은 활동 한 건 · 새 프로젝트의 작업 공간","775","775","false","1","28","24"
"default","lesson-03","5","신청 한 줄은 활동 한 건","신청 한 줄은 활동 한 건 · Forms에 넣을 질문 여섯 개","775","775","false","1","28","24"
"default","lesson-03","6","신청 한 줄은 활동 한 건","신청 한 줄은 활동 한 건 · 첫 응답을 직접 제출하기","775","775","false","1","28","24"
"default","lesson-03","7","시트에 나만의 메뉴 만들기","시트에 나만의 메뉴 만들기 · PROMPT 01 · 활동 관리용 Code.gs","775","775","false","1","28","24"
"default","lesson-03","8","시트에 나만의 메뉴 만들기","시트에 나만의 메뉴 만들기 · PROMPT 01 · 기록을 보존하며 준비하기","775","775","false","1","28","24"
"default","lesson-03","9","시트에 나만의 메뉴 만들기","시트에 나만의 메뉴 만들기 · 코드 대신 설정 화면에 주소 넣기","775","775","false","1","28","24"
"default","lesson-03","10","시트에 나만의 메뉴 만들기","시트에 나만의 메뉴 만들기 · 확인 ① 내 메뉴와 활동번호","775","775","false","1","28","24"
"default","lesson-03","11","메뉴로 일정 하나부터 등록하기","메뉴로 일정 하나부터 등록하기 · 동아리 연습용 캘린더 준비","775","775","false","1","28","24"
"default","lesson-03","12","메뉴로 일정 하나부터 등록하기","메뉴로 일정 하나부터 등록하기 · PROMPT 02 · 선택한 활동을 일정으로","775","775","false","1","28","24"
"default","lesson-03","13","메뉴로 일정 하나부터 등록하기","메뉴로 일정 하나부터 등록하기 · PROMPT 02 · 같은 활동은 일정 하나","775","775","false","1","28","24"
"default","lesson-03","14","메뉴로 일정 하나부터 등록하기","메뉴로 일정 하나부터 등록하기 · 선택한 한 줄과 캘린더 대조하기","775","775","false","1","28","24"
"default","lesson-03","15","메뉴로 일정 하나부터 등록하기","메뉴로 일정 하나부터 등록하기 · 확인 ② 정확한 일정 하나","775","775","false","1","28","24"
"default","lesson-03","16","새 신청이 오면 저절로 실행하기","새 신청이 오면 저절로 실행하기 · PROMPT 03 · 새 폼 응답으로 자동 실행","775","775","false","1","28","24"
"default","lesson-03","17","새 신청이 오면 저절로 실행하기","새 신청이 오면 저절로 실행하기 · 담당자 한 명이 트리거 하나 설치하기","775","775","false","1","28","24"
"default","lesson-03","18","새 신청이 오면 저절로 실행하기","새 신청이 오면 저절로 실행하기 · 아무도 메뉴를 누르지 않았는데","775","775","false","1","28","24"
"default","lesson-03","19","새 신청이 오면 저절로 실행하기","새 신청이 오면 저절로 실행하기 · 확인 ③ 폼 제출로 자동 실행","775","775","false","1","28","24"
"default","lesson-03","20","계획과 실제 결과는 달라요","계획과 실제 결과는 달라요 · 내가 채울 결과 칸 세 개","775","775","false","1","28","24"
"default","lesson-03","21","계획과 실제 결과는 달라요","계획과 실제 결과는 달라요 · 보고서에 넣을 내용을 먼저 확인","775","775","false","1","28","24"
"default","lesson-03","22","보고서의 모양을 먼저 정해요","보고서의 모양을 먼저 정해요 · PROMPT 04 · Docs 보고서 양식","775","775","false","1","28","24"
"default","lesson-03","23","보고서의 모양을 먼저 정해요","보고서의 모양을 먼저 정해요 · 원본 Docs와 결과 폴더 만들기","775","775","false","1","28","24"
"default","lesson-03","24","보고서의 모양을 먼저 정해요","보고서의 모양을 먼저 정해요 · 설정 화면에 주소 두 개 더하기","775","775","false","1","28","24"
"default","lesson-03","25","내 기록으로 문서 한 장 만들기","내 기록으로 문서 한 장 만들기 · PROMPT 05 · 선택 활동 보고서 만들기","775","775","false","1","28","24"
"default","lesson-03","26","내 기록으로 문서 한 장 만들기","내 기록으로 문서 한 장 만들기 · PROMPT 05 · 재실행과 수정본 구분","775","775","false","1","28","24"
"default","lesson-03","27","내 기록으로 문서 한 장 만들기","내 기록으로 문서 한 장 만들기 · 원본·사본·시트를 나란히 보기","775","775","false","1","28","24"
"default","lesson-03","28","같은 보고서를 PDF로 남기기","같은 보고서를 PDF로 남기기 · PROMPT 06 · 보고서와 PDF를 한 번에","775","775","false","1","28","24"
"default","lesson-03","29","같은 보고서를 PDF로 남기기","같은 보고서를 PDF로 남기기 · PROMPT 06 · 실패한 단계만 다시 하기","775","775","false","1","28","24"
"default","lesson-03","30","같은 보고서를 PDF로 남기기","같은 보고서를 PDF로 남기기 · PDF 안의 내용까지 확인하기","775","775","false","1","28","24"
"default","lesson-03","31","같은 보고서를 PDF로 남기기","같은 보고서를 PDF로 남기기 · 확인 ④ 보고서와 PDF","775","775","false","1","28","24"
"default","lesson-03","32","다시 실행해도 믿을 수 있게","다시 실행해도 믿을 수 있게 · 세 가지 상황으로 마지막 시험","775","775","false","1","28","24"
"default","lesson-03","33","다시 실행해도 믿을 수 있게","다시 실행해도 믿을 수 있게 · 이번에 쓴 기술을 한 문장으로","775","775","false","1","28","24"
"default","lesson-03","34","다시 실행해도 믿을 수 있게","다시 실행해도 믿을 수 있게 · PROMPT 07 · 자동 비서 보관하기","775","775","false","1","28","24"
"default","lesson-03","35","다시 실행해도 믿을 수 있게","다시 실행해도 믿을 수 있게 · 자동화도 켜고 끌 수 있어야 해요","775","775","false","1","28","24"
"default","lesson-03","36","다시 실행해도 믿을 수 있게","다시 실행해도 믿을 수 있게 · 나의 자동화 기록","775","775","false","1","28","24"
"all","lesson-03","1","같은 내용을 세 번 쓰고 있나요?","같은 내용을 세 번 쓰고 있나요? · 이번 프로젝트의 출발점","775","775","false","1","28","24"
"all","lesson-03","2","같은 내용을 세 번 쓰고 있나요?","같은 내용을 세 번 쓰고 있나요? · 먼저 체험 · 신청부터 보고서까지","775","775","false","1","28","24"
"all","lesson-03","3","같은 내용을 세 번 쓰고 있나요?","같은 내용을 세 번 쓰고 있나요? · 이번에는 구글 도구가 앱의 화면이에요","775","775","false","1","28","24"
"all","lesson-03","4","신청 한 줄은 활동 한 건","신청 한 줄은 활동 한 건 · 새 프로젝트의 작업 공간","775","775","false","1","28","24"
"all","lesson-03","5","신청 한 줄은 활동 한 건","신청 한 줄은 활동 한 건 · Forms에 넣을 질문 여섯 개","775","775","false","1","28","24"
"all","lesson-03","6","신청 한 줄은 활동 한 건","신청 한 줄은 활동 한 건 · 첫 응답을 직접 제출하기","775","775","false","1","28","24"
"all","lesson-03","7","시트에 나만의 메뉴 만들기","시트에 나만의 메뉴 만들기 · PROMPT 01 · 활동 관리용 Code.gs","775","775","false","1","28","24"
"all","lesson-03","8","시트에 나만의 메뉴 만들기","시트에 나만의 메뉴 만들기 · PROMPT 01 · 기록을 보존하며 준비하기","775","775","false","1","28","24"
"all","lesson-03","9","시트에 나만의 메뉴 만들기","시트에 나만의 메뉴 만들기 · 코드 대신 설정 화면에 주소 넣기","775","775","false","1","28","24"
"all","lesson-03","10","시트에 나만의 메뉴 만들기","시트에 나만의 메뉴 만들기 · 확인 ① 내 메뉴와 활동번호","775","775","false","1","28","24"
"all","lesson-03","11","메뉴로 일정 하나부터 등록하기","메뉴로 일정 하나부터 등록하기 · 동아리 연습용 캘린더 준비","775","775","false","1","28","24"
"all","lesson-03","12","메뉴로 일정 하나부터 등록하기","메뉴로 일정 하나부터 등록하기 · PROMPT 02 · 선택한 활동을 일정으로","775","775","false","1","28","24"
"all","lesson-03","13","메뉴로 일정 하나부터 등록하기","메뉴로 일정 하나부터 등록하기 · PROMPT 02 · 같은 활동은 일정 하나","775","775","false","1","28","24"
"all","lesson-03","14","메뉴로 일정 하나부터 등록하기","메뉴로 일정 하나부터 등록하기 · 선택한 한 줄과 캘린더 대조하기","775","775","false","1","28","24"
"all","lesson-03","15","메뉴로 일정 하나부터 등록하기","메뉴로 일정 하나부터 등록하기 · 확인 ② 정확한 일정 하나","775","775","false","1","28","24"
"all","lesson-03","16","새 신청이 오면 저절로 실행하기","새 신청이 오면 저절로 실행하기 · PROMPT 03 · 새 폼 응답으로 자동 실행","775","775","false","1","28","24"
"all","lesson-03","17","새 신청이 오면 저절로 실행하기","새 신청이 오면 저절로 실행하기 · 담당자 한 명이 트리거 하나 설치하기","775","775","false","1","28","24"
"all","lesson-03","18","새 신청이 오면 저절로 실행하기","새 신청이 오면 저절로 실행하기 · 아무도 메뉴를 누르지 않았는데","775","775","false","1","28","24"
"all","lesson-03","19","새 신청이 오면 저절로 실행하기","새 신청이 오면 저절로 실행하기 · 확인 ③ 폼 제출로 자동 실행","775","775","false","1","28","24"
"all","lesson-03","20","계획과 실제 결과는 달라요","계획과 실제 결과는 달라요 · 내가 채울 결과 칸 세 개","775","775","false","1","28","24"
"all","lesson-03","21","계획과 실제 결과는 달라요","계획과 실제 결과는 달라요 · 보고서에 넣을 내용을 먼저 확인","775","775","false","1","28","24"
"all","lesson-03","22","보고서의 모양을 먼저 정해요","보고서의 모양을 먼저 정해요 · PROMPT 04 · Docs 보고서 양식","775","775","false","1","28","24"
"all","lesson-03","23","보고서의 모양을 먼저 정해요","보고서의 모양을 먼저 정해요 · 원본 Docs와 결과 폴더 만들기","775","775","false","1","28","24"
"all","lesson-03","24","보고서의 모양을 먼저 정해요","보고서의 모양을 먼저 정해요 · 설정 화면에 주소 두 개 더하기","775","775","false","1","28","24"
"all","lesson-03","25","내 기록으로 문서 한 장 만들기","내 기록으로 문서 한 장 만들기 · PROMPT 05 · 선택 활동 보고서 만들기","775","775","false","1","28","24"
"all","lesson-03","26","내 기록으로 문서 한 장 만들기","내 기록으로 문서 한 장 만들기 · PROMPT 05 · 재실행과 수정본 구분","775","775","false","1","28","24"
"all","lesson-03","27","내 기록으로 문서 한 장 만들기","내 기록으로 문서 한 장 만들기 · 원본·사본·시트를 나란히 보기","775","775","false","1","28","24"
"all","lesson-03","28","같은 보고서를 PDF로 남기기","같은 보고서를 PDF로 남기기 · PROMPT 06 · 보고서와 PDF를 한 번에","775","775","false","1","28","24"
"all","lesson-03","29","같은 보고서를 PDF로 남기기","같은 보고서를 PDF로 남기기 · PROMPT 06 · 실패한 단계만 다시 하기","775","775","false","1","28","24"
"all","lesson-03","30","같은 보고서를 PDF로 남기기","같은 보고서를 PDF로 남기기 · PDF 안의 내용까지 확인하기","775","775","false","1","28","24"
"all","lesson-03","31","같은 보고서를 PDF로 남기기","같은 보고서를 PDF로 남기기 · 확인 ④ 보고서와 PDF","775","775","false","1","28","24"
"all","lesson-03","32","다시 실행해도 믿을 수 있게","다시 실행해도 믿을 수 있게 · 세 가지 상황으로 마지막 시험","775","775","false","1","28","24"
"all","lesson-03","33","다시 실행해도 믿을 수 있게","다시 실행해도 믿을 수 있게 · 이번에 쓴 기술을 한 문장으로","775","775","false","1","28","24"
"all","lesson-03","34","다시 실행해도 믿을 수 있게","다시 실행해도 믿을 수 있게 · PROMPT 07 · 자동 비서 보관하기","775","775","false","1","28","24"
"all","lesson-03","35","다시 실행해도 믿을 수 있게","다시 실행해도 믿을 수 있게 · 자동화도 켜고 끌 수 있어야 해요","775","775","false","1","28","24"
"all","lesson-03","36","다시 실행해도 믿을 수 있게","다시 실행해도 믿을 수 있게 · 나의 자동화 기록","775","775","false","1","28","24"
"all","lesson-03","37","선택","선택 · 일정이 빠진 신청 주기적으로 확인 · 선택 A · 미등록 일정만 주기적으로 확인","775","775","false","1","28","24"
"all","lesson-03","38","선택","선택 · 일정이 빠진 신청 주기적으로 확인 · 시간 기반 트리거를 짧게 시험하기","775","775","false","1","28","24"
"all","lesson-03","39","어디까지 성공했는지 알려줘요","어디까지 성공했는지 알려줘요 · 막힌 단계 찾기","775","775","false","1","28","24"
"all","lesson-03","40","어디까지 성공했는지 알려줘요","어디까지 성공했는지 알려줘요 · 도움 · 실패한 단계부터 고치기","775","775","false","1","28","24"
