lesson,mode,slide,title,scrollHeight,clientHeight,banner,scale,body,code
"lesson-03","default",1,"내 게임의 기록이 친구 화면에도 나타난다면? · 저장과 불러오기 체험",775,775,false,1,28,24
"lesson-03","default",2,"내 게임의 기록이 친구 화면에도 나타난다면? · 오늘의 랭킹 규칙",775,775,false,1,28,24
"lesson-03","default",3,"내 게임의 기록이 친구 화면에도 나타난다면? · 오늘의 120분",775,775,false,1,28,24
"lesson-03","default",4,"내 게임과 빈 스프레드시트 준비하기 · 두 파일이 맡을 일",775,775,false,1,28,24
"lesson-03","default",5,"내 게임과 빈 스프레드시트 준비하기 · 지난 시간 게임 전체 가져오기",775,775,false,1,28,24
"lesson-03","default",6,"내 게임과 빈 스프레드시트 준비하기 · 우리 팀의 빈 기록장 만들기",775,775,false,1,28,24
"lesson-03","default",7,"내 게임과 빈 스프레드시트 준비하기 · 친구와 비교할 때는 같은 게임 주소",775,775,false,1,28,24
"lesson-03","default",8,"저장할 코드도 AI에게 직접 부탁하기 · PROMPT 01 · 내 게임에 저장 기능 부탁하기",775,775,false,1,28,24
"lesson-03","default",9,"저장할 코드도 AI에게 직접 부탁하기 · PROMPT 02 · 시트에 저장할 Code.gs 요청하기",775,775,false,1,28,24
"lesson-03","default",10,"저장할 코드도 AI에게 직접 부탁하기 · PROMPT 03 · 내 게임 HTML에 저장 버튼 달기",775,775,false,1,28,24
"lesson-03","default",11,"저장할 코드도 AI에게 직접 부탁하기 · AI가 만든 두 파일 넣기",775,775,false,1,28,24
"lesson-03","default",12,"저장할 코드도 AI에게 직접 부탁하기 · 코드를 건드리지 않고 시트 주소 넣기",775,775,false,1,28,24
"lesson-03","default",13,"내 게임에서 첫 기록 저장하기 · 게임을 웹앱으로 열기",775,775,false,1,28,24
"lesson-03","default",14,"내 게임에서 첫 기록 저장하기 · 게임 한 판 → 저장 → 시트 한 줄",775,775,false,1,28,24
"lesson-03","default",15,"내 게임에서 첫 기록 저장하기 · 첫 저장 확인",775,775,false,1,28,24
"lesson-03","default",16,"내 게임이 기록을 남기기 시작했어요 · 첫 저장 버전 보관하기",775,775,false,1,28,24
"lesson-03","default",17,"저장 안내를 다듬고 랭킹 보여주기 · PROMPT 04 · 저장 중과 저장 완료 알려주기",775,775,false,1,28,24
"lesson-03","default",18,"저장 안내를 다듬고 랭킹 보여주기 · PROMPT 05 · 내 게임 아래에 랭킹 달기",775,775,false,1,28,24
"lesson-03","default",19,"저장 안내를 다듬고 랭킹 보여주기 · 고친 내용을 게임 주소에 반영하기",775,775,false,1,28,24
"lesson-03","default",20,"내가 부탁한 대로 저장되는지 확인하기 · 친구와 확인할 네 가지",775,775,false,1,28,24
"lesson-03","default",21,"내가 부탁한 대로 저장되는지 확인하기 · 안 되는 곳을 화면에서 찾아보기",775,775,false,1,28,24
"lesson-03","default",22,"내가 부탁한 대로 저장되는지 확인하기 · PROMPT 06 · 안 되는 모습을 AI에게 보여주기",775,775,false,1,28,24
"lesson-03","default",23,"내가 부탁한 대로 저장되는지 확인하기 · 공유 랭킹 확인",775,775,false,1,28,24
"lesson-03","default",24,"내가 요청해서 만든 두 파일 보관하기 · PROMPT 08 · 내가 만든 두 파일 보관하기",775,775,false,1,28,24
"lesson-03","default",25,"내가 요청해서 만든 두 파일 보관하기 · Docs에 보관할 세 가지",775,775,false,1,28,24
"lesson-03","default",26,"내가 요청해서 만든 두 파일 보관하기 · 나의 세 번째 제작 기록",775,775,false,1,28,24
"lesson-03","default",27,"내가 요청해서 만든 두 파일 보관하기 · 다음에는 게임 대신 신청서를",775,775,false,1,28,24
"lesson-03","all",1,"내 게임의 기록이 친구 화면에도 나타난다면? · 저장과 불러오기 체험",775,775,false,1,28,24
"lesson-03","all",2,"내 게임의 기록이 친구 화면에도 나타난다면? · 오늘의 랭킹 규칙",775,775,false,1,28,24
"lesson-03","all",3,"내 게임의 기록이 친구 화면에도 나타난다면? · 오늘의 120분",775,775,false,1,28,24
"lesson-03","all",4,"내 게임과 빈 스프레드시트 준비하기 · 두 파일이 맡을 일",775,775,false,1,28,24
"lesson-03","all",5,"내 게임과 빈 스프레드시트 준비하기 · 지난 시간 게임 전체 가져오기",775,775,false,1,28,24
"lesson-03","all",6,"내 게임과 빈 스프레드시트 준비하기 · 우리 팀의 빈 기록장 만들기",775,775,false,1,28,24
"lesson-03","all",7,"내 게임과 빈 스프레드시트 준비하기 · 친구와 비교할 때는 같은 게임 주소",775,775,false,1,28,24
"lesson-03","all",8,"저장할 코드도 AI에게 직접 부탁하기 · PROMPT 01 · 내 게임에 저장 기능 부탁하기",775,775,false,1,28,24
"lesson-03","all",9,"저장할 코드도 AI에게 직접 부탁하기 · PROMPT 02 · 시트에 저장할 Code.gs 요청하기",775,775,false,1,28,24
"lesson-03","all",10,"저장할 코드도 AI에게 직접 부탁하기 · PROMPT 03 · 내 게임 HTML에 저장 버튼 달기",775,775,false,1,28,24
"lesson-03","all",11,"저장할 코드도 AI에게 직접 부탁하기 · AI가 만든 두 파일 넣기",775,775,false,1,28,24
"lesson-03","all",12,"저장할 코드도 AI에게 직접 부탁하기 · 코드를 건드리지 않고 시트 주소 넣기",775,775,false,1,28,24
"lesson-03","all",13,"저장할 코드도 AI에게 직접 부탁하기 · 답변이 일부만 나오면",775,775,false,1,28,24
"lesson-03","all",14,"내 게임에서 첫 기록 저장하기 · 게임을 웹앱으로 열기",775,775,false,1,28,24
"lesson-03","all",15,"내 게임에서 첫 기록 저장하기 · 게임 한 판 → 저장 → 시트 한 줄",775,775,false,1,28,24
"lesson-03","all",16,"내 게임에서 첫 기록 저장하기 · 첫 저장 확인",775,775,false,1,28,24
"lesson-03","all",17,"내 게임에서 첫 기록 저장하기 · /dev와 /exec 구분하기",775,775,false,1,28,24
"lesson-03","all",18,"내 게임이 기록을 남기기 시작했어요 · 첫 저장 버전 보관하기",775,775,false,1,28,24
"lesson-03","all",19,"저장 안내를 다듬고 랭킹 보여주기 · PROMPT 04 · 저장 중과 저장 완료 알려주기",775,775,false,1,28,24
"lesson-03","all",20,"저장 안내를 다듬고 랭킹 보여주기 · PROMPT 05 · 내 게임 아래에 랭킹 달기",775,775,false,1,28,24
"lesson-03","all",21,"저장 안내를 다듬고 랭킹 보여주기 · 고친 내용을 게임 주소에 반영하기",775,775,false,1,28,24
"lesson-03","all",22,"내가 부탁한 대로 저장되는지 확인하기 · 친구와 확인할 네 가지",775,775,false,1,28,24
"lesson-03","all",23,"내가 부탁한 대로 저장되는지 확인하기 · 안 되는 곳을 화면에서 찾아보기",775,775,false,1,28,24
"lesson-03","all",24,"내가 부탁한 대로 저장되는지 확인하기 · PROMPT 06 · 안 되는 모습을 AI에게 보여주기",775,775,false,1,28,24
"lesson-03","all",25,"내가 부탁한 대로 저장되는지 확인하기 · 공유 랭킹 확인",775,775,false,1,28,24
"lesson-03","all",26,"내가 요청해서 만든 두 파일 보관하기 · PROMPT 07 · 빠르면 친구와 더 시험하기",775,775,false,1,28,24
"lesson-03","all",27,"내가 요청해서 만든 두 파일 보관하기 · PROMPT 08 · 내가 만든 두 파일 보관하기",775,775,false,1,28,24
"lesson-03","all",28,"내가 요청해서 만든 두 파일 보관하기 · Docs에 보관할 세 가지",775,775,false,1,28,24
"lesson-03","all",29,"내가 요청해서 만든 두 파일 보관하기 · 나의 세 번째 제작 기록",775,775,false,1,28,24
"lesson-03","all",30,"내가 요청해서 만든 두 파일 보관하기 · 다음에는 게임 대신 신청서를",775,775,false,1,28,24
